{"preventUpnDetectSso":false,"silentUpdateTriggered":false,"featureLaunchInfo":{"authWamAccountEnumerationAppStartTelemetry":-1},"previousCrashesInfo":{"crashes":[]},"windowState":{"monitorId":-1,"x":0,"y":0,"width":1280,"height":750,"isMaximized":true,"isFullScreen":false},"surfaceHubWindowState":{"monitorId":-1,"x":0,"y":0,"width":400,"height":600,"isMaximized":true,"isFullScreen":false},"restartCommand":{},"upnWindowUserUpn":"user16@platformandfeature.onmicrosoft.com","userUpn":"","userOid":"e0ab2c19-4e9e-4f19-b7a9-1e0507f8af86","userTid":"46e6803e-2aaf-42ea-8122-36858198d57e","guestTenantId":"","homeTenantId":"46e6803e-2aaf-42ea-8122-36858198d57e","webAccountId":"v6zxtxdyClZk_ox_A_PyCQsMjwVVAAg0ORIgWo_HSCE","webAccountProviderType":"","launchTime":"1638186720812","desktopZoomLevelV2":3,"guestTenantIds":{},"userAccounts":{"46e6803e-2aaf-42ea-8122-36858198d57e.e0ab2c19-4e9e-4f19-b7a9-1e0507f8af86":{"isAuthenticated":true,"profile":{"aud":"https://api.spaces.skype.com","iss":"https://sts.windows.net/46e6803e-2aaf-42ea-8122-36858198d57e/","iat":1638186129,"nbf":1638186129,"exp":1638259061,"acct":0,"acr":"1","aio":"E2ZgYKiK5xA1FXtWc/XUk8zvKs9Yi+8onOo+9PCR/k7mBW6N33kA","amr":["pwd"],"appid":"1fec8e78-bce4-4aaf-ab1b-5451cc387264","appidacr":"0","auth_time":1637831457,"cnf":{"tbh":"wg93rAygge9XrRwWMB4dBn8uGU27Z4HsG8utq1GDJnw="},"family_name":"16","given_name":"User","ipaddr":"103.165.15.128","name":"User 16","oid":"e0ab2c19-4e9e-4f19-b7a9-1e0507f8af86","puid":"100320019CFCCF33","pwd_exp":"6802510","pwd_url":"https://portal.microsoftonline.com/ChangePassword.aspx","rh":"0.AVIAPoDmRq8q6kKBIjaFgZjVfniO7B_kvK9KqxtUUcw4cmRSANE.","scp":"user_impersonation","sub":"yInqj9uwhhzFs3IIydn8l2uPDy8Mf-WeAr-uQtoDqJU","tid":"46e6803e-2aaf-42ea-8122-36858198d57e","unique_name":"user16@platformandfeature.onmicrosoft.com","upn":"user16@platformandfeature.onmicrosoft.com","uti":"gw1Ht3jVwkaCPpiB0i_0Ag","ver":"1.0","wids":["b79fbf4d-3ef9-4689-8143-76b194e85509"]},"userId":"46e6803e-2aaf-42ea-8122-36858198d57e__e0ab2c19-4e9e-4f19-b7a9-1e0507f8af86","profileType":"AAD","userName":"user16@platformandfeature.onmicrosoft.com","accountType":"AAD","webAccountId":"v6zxtxdyClZk_ox_A_PyCQsMjwVVAAg0ORIgWo_HSCE","isSignedIn":true}},"signedInActiveUser":{},"tidOidMap":{"46e6803e-2aaf-42ea-8122-36858198d57e":"e0ab2c19-4e9e-4f19-b7a9-1e0507f8af86"},"isAppFirstRun":false,"upnScreenShowCount":0,"desktopSessionId":"desktop-6edbdaf4-c87b-432d-a368-1091117f3e1a","teamsUrlProtocolsRegistered":true,"lyncUrlProtocolsRegistered":true,"disableWarningOnOpenKeyRegistered":true,"previousElectronVersion":"10.4.7","lastKnownElectronVersion":"10.4.7","signInRestrictionsLicenseType":"","roomDeviceSettingsHash":"","machineId":"dfd1ba603b55ea45d844c413adbd411a4a3c5a9d4e8e0a8135c7cbfd3dc4bb5c","deviceInfoId":"a39f66b630b864e285a566a5c3c1fef4dd1dfeb142d3de052470edc78e123385","appPreferenceSettings":{"disableGpu":false,"forceRendererAccessibility":false,"openAtLogin":true,"openAsHidden":false,"runningOnClose":true,"registerAsIMProvider":true},"currentWebLanguage":"en-US","isRunningWamBefore":true,"nativeWamForcedOff":false,"blueberryEnabledOnFre":true,"blueberryEnabledAtStartup":true,"officeMachineId":"2d8d936d746c4f40ba3a856785550017","isPersonalAccount":false,"isLoggedOut":false,"pastModernAuthSucceeded":true,"pastNativeWamAuthSucceeded":true,"previousWebClientVersion":"27/1.0.0.2021111634","isForeground":true,"restartInfo":null}